cn,group_name
LIEHON,CertifyingAgent
FANGEN,CertifyingAgent
SYLPUY,CertifyingAgent
AURRAD,CertifyingAgent
ARNBOU,CertifyingAgent
DIDKAP,CertifyingAgent
ELYHEY,CertifyingAgent
EVYSOH,CertifyingAgent
RAPTHI,CertifyingAgent
CELLOU,CertifyingAgent
TOMGEE,CertifyingAgent
GONKAR,CertifyingAgent
MARBIE,CertifyingAgent
ELSHOU,CertifyingAgent
LIECOC,CertifyingAgent
MOEPRI,CertifyingAgent
ANNHAE,CertifyingAgent
SANCON,CertifyingAgent
DIEKIN,CertifyingAgent
ANNROO,CertifyingAgent
JOHEVE,CertifyingAgent
THOSTO,CertifyingAgent
FELRWA,CertifyingAgent
PHIHEI,CertifyingAgent
CHAHER,CertifyingAgent
SYLNAN,CertifyingAgent
JEAUIT,CertifyingAgent
ISAFLO,CertifyingAgent
VANHAE,CertifyingAgent
VEECLO,CertifyingAgent
KARJAN,CertifyingAgent
GUYTOR,CertifyingAgent
NADTUR,CertifyingAgent
LAUPAU,CertifyingAgent
DANPIE,CertifyingAgent
CATGRO,CertifyingAgent
WIMBLE,CertifyingAgent
WILMAR,CertifyingAgent
MERGEE,CertifyingAgent
MARKIN,CertifyingAgent
LUCPUT,CertifyingAgent
KURDUF,CertifyingAgent
KOEVEL,CertifyingAgent
IVAPRA,CertifyingAgent
GERLIN,CertifyingAgent
EDUBOV,CertifyingAgent
DOMKEY,CertifyingAgent
CARPEE,CertifyingAgent
ANNROY,CertifyingAgent
XAVWAU,CertifyingAgent
PETLEU,CertifyingAgent
EDIAKE,CertifyingAgent
CHRMAR,CertifyingAgent
ANJDAN,CertifyingAgent
LAUHIE,CertifyingAgent
DELPRE,CertifyingAgent
PASSAB,CertifyingAgent
NANMAS,CertifyingAgent
CHRMAI,CertifyingAgent
MARWIN,CertifyingAgent
XAVLCA,CertifyingAgent
VINBIL,CertifyingAgent
FRABRS,CertifyingAgent
ANNCUY,CertifyingAgent
ORVCOR,CertifyingAgent
MARSTL,CertifyingAgent
MARIJS,CertifyingAgent
JOHSCO,CertifyingAgent
ANNEVE,CertifyingAgent
DIRBRU,CertifyingAgent
JOSBER,CertifyingAgent
LUCROE,CertifyingAgent
XAVPAT,CertifyingAgent
CHRGOE,CertifyingAgent
SABRAU,CertifyingAgent
JOZBRO,CertifyingAgent
VERCRE,CertifyingAgent
DOMCRA,CertifyingAgent
PASNOS,CertifyingAgent
DIDLES,CertifyingAgent
LUDADA,CertifyingAgent
FRABER,CertifyingAgent
ELLLEN,CertifyingAgent
MURBET,CertifyingAgent
BRULAG,CertifyingAgent
PEGRAD,CertifyingAgent
ISABOD,CertifyingAgent
FRANIC,CertifyingAgent
VINJAU,CertifyingAgent
DOMPUT,CertifyingAgent
JEASER,CertifyingAgent
CELDHO,CertifyingAgent
TOMSOM,CertifyingAgent
DRIHEY,CertifyingAgent
KEVPAU,CertifyingAgent
ULRVRO,CertifyingAgent
JERTOL,CertifyingAgent
JOLHEY,CertifyingAgent
MICECA,CertifyingAgent
AMACOL,CertifyingAgent
JUDCOR,CertifyingAgent
ERITCH,CertifyingAgent
KEVMAT,CertifyingAgent
JACBLA,CertifyingAgent
PAUFIE,CertifyingAgent
FRESTO,CertifyingAgent
ILSTEM,CertifyingAgent
ANBEL,CertifyingAgent
DANVUC,CertifyingAgent
PATLAN,CertifyingAgent
BENKOO,CertifyingAgent
DAVWIL,CertifyingAgent
JORCLO,CertifyingAgent
CINCLE,CertifyingAgent
HELMAN,CertifyingAgent
JANAER,CertifyingAgent
SOFLAC,CertifyingAgent
ANNROM,CertifyingAgent
CATOGI,CertifyingAgent
KARCLA,CertifyingAgent
JOHLEQ,CertifyingAgent
TESPEE,CertifyingAgent
DIETAI,CertifyingAgent
JASKEY,CertifyingAgent
SYLSTE,CertifyingAgent
STIWAN,CertifyingAgent
CHRLOC,CertifyingAgent
GREDIR,CertifyingAgent
GUDSNE,CertifyingAgent
SYLPAL,CertifyingAgent
DENSME,CertifyingAgent
VINCHA,CertifyingAgent
ELSMAM,CertifyingAgent
AMIMKE,CertifyingAgent
JERBAE,CertifyingAgent
EMMGOE,CertifyingAgent
KLAROS,CertifyingAgent
CARLAT,CertifyingAgent
MICGOE,CertifyingAgent
MICPOA,CertifyingAgent
BERSIM,CertifyingAgent
PETELA,CertifyingAgent
MELANN,CertifyingAgent
SANLUY,CertifyingAgent
ISAKOZ,CertifyingAgent
KARDAE,CertifyingAgent
INGGIL,CertifyingAgent
WENGRA,CertifyingAgent
ARNCOE,CertifyingAgent
JACSME,CertifyingAgent
JULBEG,CertifyingAgent
FRANEV,CertifyingAgent
STEHUB,CertifyingAgent
BENLBA,CertifyingAgent
AUDTON,CertifyingAgent
ELKVOT,CertifyingAgent
DELALV,CertifyingAgent
VERPOP,CertifyingAgent
WENWAL,CertifyingAgent
KOEHAL,CertifyingAgent
DAVCAT,CertifyingAgent
NATROM,CertifyingAgent
BENGON,CertifyingAgent
EMILEC,CertifyingAgent
KOEDYK,CertifyingAgent
FRATIP,CertifyingAgent
LIESWI,CertifyingAgent
CHRSEG,CertifyingAgent
JURSNO,CertifyingAgent
ANDBAE,CertifyingAgent
STEBOS,CertifyingAgent
KATPOE,CertifyingAgent
LUDGIL,CertifyingAgent
CINBLO,CertifyingAgent
STAVIN,CertifyingAgent
LAULEF,CertifyingAgent
LAUGOF,CertifyingAgent
BERVIL,CertifyingAgent
PASQUI,CertifyingAgent
MICBAR,CertifyingAgent
JORMEE,CertifyingAgent
JOZVOG,CertifyingAgent
HILEES,CertifyingAgent
BRUSPR,CertifyingAgent
BERAPP,CertifyingAgent
VEEHUY,CertifyingAgent
MARBOG,CertifyingAgent
LUDFOU,CertifyingAgent
JOCLA,CertifyingAgent
GUSTYR,CertifyingAgent
GERLIE,CertifyingAgent
FILALB,CertifyingAgent
EDIHES,CertifyingAgent
BERHOO,CertifyingAgent
ANMAR,CertifyingAgent
MARLIE,CertifyingAgent
JAALAT,CertifyingAgent
HILTHI,CertifyingAgent
MARROY,CertifyingAgent
GAEMET,CertifyingAgent
GRACER,CertifyingAgent
PIEOLI,CertifyingAgent
POLHAB,CertifyingAgent
CHRCRE,CertifyingAgent
VINCON,CertifyingAgent
FABSAF,CertifyingAgent
JEALEC,CertifyingAgent
XAVSNS,CertifyingAgent
PHIHUT,CertifyingAgent
OLILEC,CertifyingAgent
BERHER,CertifyingAgent
VALMAR,CertifyingAgent
SOPCOL,CertifyingAgent
XAVLMO,CertifyingAgent
MARSSA,CertifyingAgent
MIESME,CertifyingAgent
SOFSCH,CertifyingAgent
LIECOO,CertifyingAgent
FILGOE,CertifyingAgent
BENHAE,CertifyingAgent
FILWOL,CertifyingAgent
FILSIE,CertifyingAgent
GERHOL,CertifyingAgent
INGERE,CertifyingAgent
HILGEE,CertifyingAgent
FRAVOS,CertifyingAgent
ROELIE,CertifyingAgent
HUGGEV,CertifyingAgent
NICHAM,CertifyingAgent
CHRKEZ,CertifyingAgent
MARRIE,CertifyingAgent
ANDLAN,CertifyingAgent
RUDGRI,CertifyingAgent
GUYCAE,CertifyingAgent
MAREU,CertifyingAgent
HILBRU,CertifyingAgent
LUCHOL,CertifyingAgent
MICHOU,CertifyingAgent
LUCKIN,CertifyingAgent
STIFAE,CertifyingAgent
GEEBRA,CertifyingAgent
SYLDOR,CertifyingAgent
FRATHE,CertifyingAgent
CHRKEY,CertifyingAgent
LENWIL,CertifyingAgent
STECOC,CertifyingAgent
NORBEN,CertifyingAgent
JOHSCH,CertifyingAgent
CONBIL,CertifyingAgent
PAUNIE,CertifyingAgent
BARHEL,CertifyingAgent
INGMEY,CertifyingAgent
ILSBAE,CertifyingAgent
DAMHIN,CertifyingAgent
LIEVAE,CertifyingAgent
INNCOP,CertifyingAgent
BENDON,CertifyingAgent
RENPAT,CertifyingAgent
FREEEC,CertifyingAgent
GEOMIE,CertifyingAgent
JEAMAR,CertifyingAgent
MANMOO,CertifyingAgent
ALAPIR,CertifyingAgent
IVALAN,CertifyingAgent
PHILAT,CertifyingAgent
ANDWEY,CertifyingAgent
LIELCO,CertifyingAgent
FRABOO,CertifyingAgent
MICCOL,CertifyingAgent
YVESIM,CertifyingAgent
CHRJON,CertifyingAgent
FRELNE,CertifyingAgent
IDUCAU,CertifyingAgent
CHRMAT,CertifyingAgent
ISAOHL,CertifyingAgent
VALSCH,CertifyingAgent
JOSROY,CertifyingAgent
MILCEU,CertifyingAgent
SABVLI,CertifyingAgent
JANPEL,CertifyingAgent
LAZAVO,CertifyingAgent
YVEVOO,CertifyingAgent
FABMEU,CertifyingAgent
CARLAU,CertifyingAgent
ELSMER,CertifyingAgent
FRADUP,CertifyingAgent
GEELUY,CertifyingAgent
JOHKUY,CertifyingAgent
JANMER,CertifyingAgent
ANKSAN,CertifyingAgent
STEPRO,CertifyingAgent
CHRPIE,CertifyingAgent
BENSTR,CertifyingAgent
NATJAC,CertifyingAgent
KRIHAE,CertifyingAgent
LUCDOS,CertifyingAgent
MARLIO,CertifyingAgent
FRAVEL,CertifyingAgent
MARPIE,CertifyingAgent
BEATIE,CertifyingAgent
GEEBEG,CertifyingAgent
VIRHER,CertifyingAgent
LOUBLE,CertifyingAgent
HANGRE,CertifyingAgent
MARHOE,CertifyingAgent
ULRJAN,CertifyingAgent
JOSCRA,CertifyingAgent
NATRAS,CertifyingAgent
PHILAU,CertifyingAgent
SABCOU,CertifyingAgent
MIEBRU,CertifyingAgent
EDDCRU,CertifyingAgent
LUCDAE,CertifyingAgent
NICHIG,CertifyingAgent
ANICOL,CertifyingAgent
NICPET,CertifyingAgent
CATLIE,CertifyingAgent
PIEMOA,CertifyingAgent
FABFID,CertifyingAgent
DIRHUY,CertifyingAgent
KOEWIE,CertifyingAgent
PHILIP,CertifyingAgent
DIRGEY,CertifyingAgent
RIKBUL,CertifyingAgent
ANNREY,CertifyingAgent
BARTAV,CertifyingAgent
FILHEE,CertifyingAgent
RITBUS,CertifyingAgent
LINMOR,CertifyingAgent
ELSCAR,CertifyingAgent
RITJOS,CertifyingAgent
PATSTA,CertifyingAgent
GEELRU,CertifyingAgent
MAIGAL,CertifyingAgent
KATPRE,CertifyingAgent
OLIMAN,CertifyingAgent
GHIEEC,CertifyingAgent
LUCMAT,CertifyingAgent
GEEHUL,CertifyingAgent
MARLEF,CertifyingAgent
CHRTAI,CertifyingAgent
MARFLO,CertifyingAgent
MARROL,CertifyingAgent
HANTIM,CertifyingAgent
GEEBER,CertifyingAgent
LUDLBE,CertifyingAgent
PIEMEY,CertifyingAgent
SANPAL,CertifyingAgent
DOMSEL,CertifyingAgent
MARLIG,CertifyingAgent
WENHIL,CertifyingAgent
SARWEC,CertifyingAgent
YVEBEZ,CertifyingAgent
ALFSEG,CertifyingAgent
KRITER,CertifyingAgent
WOUTHI,CertifyingAgent
PIECHA,CertifyingAgent
SEBGHI,CertifyingAgent
NANDUR,CertifyingAgent
FRERAS,CertifyingAgent
MARLHA,CertifyingAgent
MICGIE,CertifyingAgent
PHINOT,CertifyingAgent
STEEVR,CertifyingAgent
ANNJOR,CertifyingAgent
FRATIM,CertifyingAgent
SOPMEE,CertifyingAgent
TOMBEG,CertifyingAgent
KRISUN,CertifyingAgent
KOBDET,CertifyingAgent
PEGLAE,CertifyingAgent
ROBLAE,CertifyingAgent
MATPOL,CertifyingAgent
ANGARN,CertifyingAgent
ARIHUY,CertifyingAgent
ANNSCH,CertifyingAgent
ELLTEM,CertifyingAgent
THOMAE,CertifyingAgent
NATLIN,CertifyingAgent
ROEBER,CertifyingAgent
CELTIL,CertifyingAgent
LOUBOU,CertifyingAgent
NICWAN,CertifyingAgent
VALCAR,CertifyingAgent
KATHVR,CertifyingAgent
MARCAM,CertifyingAgent
NELHAM,CertifyingAgent
MICBEG,CertifyingAgent
SEBLND,CertifyingAgent
WINHAM,CertifyingAgent
ELICOC,CertifyingAgent
DOMCAU,CertifyingAgent
ELOCAU,CertifyingAgent
DAPKUY,CertifyingAgent
CHALOO,CertifyingAgent
PHICLA,CertifyingAgent
LIELOO,CertifyingAgent
STEJAC,CertifyingAgent
SABLEO,CertifyingAgent
FEBMAC,CertifyingAgent
ISIVLA,CertifyingAgent
MARBRE,CertifyingAgent
ARMRUM,CertifyingAgent
JULCOC,CertifyingAgent
THITBE,CertifyingAgent
EMIBUS,CertifyingAgent
CLEFAU,CertifyingAgent
GUIBOU,CertifyingAgent
FRESME,CertifyingAgent
TINZGA,CertifyingAgent
DORMOT,CertifyingAgent
SAMDHA,CertifyingAgent
JULGIE,CertifyingAgent
JOHFAA,CertifyingAgent
KEVCLE,CertifyingAgent
SILBOG,CertifyingAgent
AMACLE1,CertifyingAgent
JOHKEM,CertifyingAgent
ELKLOY,CertifyingAgent
MAXHON,CertifyingAgent
ALELOU,CertifyingAgent
STEHYG,CertifyingAgent
ELIBUC,CertifyingAgent
PHIHTS,CertifyingAgent
FRAHAS,CertifyingAgent
DOMBIN,CertifyingAgent
JOYVRI,CertifyingAgent
BERCLP,CertifyingAgent
ELLBRU,CertifyingAgent
LOTLEY,CertifyingAgent
ANNBRA,CertifyingAgent
LEEBRA,CertifyingAgent
MARMUL,CertifyingAgent
LODPOT,CertifyingAgent
EVEKEE,CertifyingAgent
ANYRAE,CertifyingAgent
KARFIE,CertifyingAgent
NATROE,CertifyingAgent
IRIFLO,CertifyingAgent
FRAHEB,CertifyingAgent
LAUMAE,CertifyingAgent
KOEGYS,CertifyingAgent
ADRHOF,CertifyingAgent
JUSBEL,CertifyingAgent
ELOLAE,CertifyingAgent
PIEMNO,CertifyingAgent
BIRGOE,CertifyingAgent
ELICLA,CertifyingAgent
JUSMAE,CertifyingAgent
KARMAL,CertifyingAgent
GRIMEE,CertifyingAgent
NICMRE,CertifyingAgent
SERGRS,CertifyingAgent
MARFIL,CertifyingAgent
MARHUG,CertifyingAgent
CELHAU,CertifyingAgent
MICBRA,CertifyingAgent
LIETHR,CertifyingAgent
BARBOT,CertifyingAgent
HANDON,CertifyingAgent
ERICRA,CertifyingAgent
D_JORMEE,CertifyingAgent
D_CHRBOS,CertifyingAgent
D_CHRWIT,CertifyingAgent
D_DOMMAE,CertifyingAgent
D_FRAHEB,CertifyingAgent
D_HILROM,CertifyingAgent
D_NANMAS,CertifyingAgent
D_NICDEL,CertifyingAgent
D_SYLTUM,CertifyingAgent
D_WIMMER,CertifyingAgent
